﻿lastname,firstname,username,ID,category
Al-Fatlawi,Ali,alfatla002,12312,JU
Albert,Thomas,albert015,19991,SO
Allen,Tiya,allen102,20110,SO
Baxter,Dante,baxter019,10000,SE
Buczynski,Andrew,buczynsk008,20000,SO
Dickinson,Zachary,dickinso014,12312,JU
Hoffman,Zachary,hoffman057,19991,JU
Kruszka,Paul,kruszka001,20110,SO
Little,Zoe,little020,10000,SO
Lubina,Benjamin,lubina001,20000,JU
Sinan,Morgan,sinan001,12312,SO
Somashekar Gowda,Prajwal,somashek001,19991,FR
Yaple,Hunter,yaple007,20110,SO
Lubina,Benjamin,lubina001,10000,JU
Hoffman,Zachary,hoffman057,20000,JU