<?xml version="1.0" encoding="UTF-8"?>
<rss version="2.0" xmlns:atom="http://www.w3.org/2005/Atom">
  <channel>
    <title>Course Website</title>
    <description>Add a description of your course. Lorem ipsum dolor sit amet, consectetur adipiscing elit. 
Etiam fermentum massa id justo varius, vitae blandit nibh aliquet. 
Nam consequat accumsan massa id lacinia. Proin ac placerat neque. Vivamus ornare eget tortor ac tincidunt. 
Mauris semper viverra dui in molestie. Proin bibendum metus orci, quis sollicitudin ligula pretium non. 
Integer nec lacus eget neque laoreet semper. Pellentesque eu dolor rutrum, consectetur enim nec, fermentum odio. 
Duis venenatis metus cursus, ultrices nulla in, dapibus urna. Fusce pellentesque eros sed justo viverra ultricies. 
Morbi porttitor dui ut erat congue accumsan. Donec eget turpis quam. Nam quis lobortis nisl. 
Pellentesque varius tincidunt purus, dictum sodales leo suscipit quis. 
Proin ullamcorper tristique nisi, quis hendrerit turpis. Donec non congue velit. 
Praesent accumsan odio egestas, mollis lorem eget, euismod arcu. 
</description>
    <link>http://course-website.svmiller.com/</link>
    <atom:link href="http://course-website.svmiller.com/feed.xml" rel="self" type="application/rss+xml"/>
    <pubDate>Mon, 19 Aug 2019 23:07:02 +0000</pubDate>
    <lastBuildDate>Mon, 19 Aug 2019 23:07:02 +0000</lastBuildDate>
    <generator>Jekyll v3.8.5</generator>
    
      <item>
        <title>Welcome to Jekyll!</title>
        <description>&lt;p&gt;You’ll find this post in your &lt;code class=&quot;highlighter-rouge&quot;&gt;_posts&lt;/code&gt; directory. Go ahead and edit it and re-build the site to see your changes. You can rebuild the site in many different ways, but the most common way is to run &lt;code class=&quot;highlighter-rouge&quot;&gt;jekyll serve&lt;/code&gt;, which launches a web server and auto-regenerates your site when a file is updated.&lt;/p&gt;

&lt;p&gt;To add new posts, simply add a file in the &lt;code class=&quot;highlighter-rouge&quot;&gt;_posts&lt;/code&gt; directory that follows the convention &lt;code class=&quot;highlighter-rouge&quot;&gt;YYYY-MM-DD-name-of-post.ext&lt;/code&gt; and includes the necessary front matter. Take a look at the source for this post to get an idea about how it works.&lt;/p&gt;

&lt;p&gt;Jekyll also offers powerful support for code snippets:&lt;/p&gt;

&lt;figure class=&quot;highlight&quot;&gt;&lt;pre&gt;&lt;code class=&quot;language-ruby&quot; data-lang=&quot;ruby&quot;&gt;&lt;span class=&quot;k&quot;&gt;def&lt;/span&gt; &lt;span class=&quot;nf&quot;&gt;print_hi&lt;/span&gt;&lt;span class=&quot;p&quot;&gt;(&lt;/span&gt;&lt;span class=&quot;nb&quot;&gt;name&lt;/span&gt;&lt;span class=&quot;p&quot;&gt;)&lt;/span&gt;
  &lt;span class=&quot;nb&quot;&gt;puts&lt;/span&gt; &lt;span class=&quot;s2&quot;&gt;&quot;Hi, &lt;/span&gt;&lt;span class=&quot;si&quot;&gt;#{&lt;/span&gt;&lt;span class=&quot;nb&quot;&gt;name&lt;/span&gt;&lt;span class=&quot;si&quot;&gt;}&lt;/span&gt;&lt;span class=&quot;s2&quot;&gt;&quot;&lt;/span&gt;
&lt;span class=&quot;k&quot;&gt;end&lt;/span&gt;
&lt;span class=&quot;n&quot;&gt;print_hi&lt;/span&gt;&lt;span class=&quot;p&quot;&gt;(&lt;/span&gt;&lt;span class=&quot;s1&quot;&gt;'Tom'&lt;/span&gt;&lt;span class=&quot;p&quot;&gt;)&lt;/span&gt;
&lt;span class=&quot;c1&quot;&gt;#=&amp;gt; prints 'Hi, Tom' to STDOUT.&lt;/span&gt;&lt;/code&gt;&lt;/pre&gt;&lt;/figure&gt;

&lt;p&gt;Check out the &lt;a href=&quot;http://jekyllrb.com&quot;&gt;Jekyll docs&lt;/a&gt; for more info on how to get the most out of Jekyll. File all bugs/feature requests at &lt;a href=&quot;https://github.com/jekyll/jekyll&quot;&gt;Jekyll’s GitHub repo&lt;/a&gt;. If you have questions, you can ask them on &lt;a href=&quot;https://github.com/jekyll/jekyll-help&quot;&gt;Jekyll’s dedicated Help repository&lt;/a&gt;.&lt;/p&gt;

</description>
        <pubDate>Sun, 16 Aug 2015 15:36:27 +0000</pubDate>
        <link>http://course-website.svmiller.com/blog/2015/08/welcome-to-jekyll</link>
        <guid isPermaLink="true">http://course-website.svmiller.com/blog/2015/08/welcome-to-jekyll</guid>
        
        
        <category>jekyll</category>
        
        <category>update</category>
        
      </item>
    
  </channel>
</rss>
