﻿lastname,firstname,username,id,category
Baker,Kevin,baker399,5495,23SPCIS21902
White,John,white070,3139,23SPCIS21923
Bellamkonda,Pavan Naga Sai Kumar,bellamko016,8535,23SPGCIS5800A
Bheem,Shiva Reddy,bheem001,8284,23SPGCIS5800A
Gollapudi,Sai Siva,gollapud003,5787,23SPGCIS5800A
Mossi Milla,Roberto Andre,mossimil002,3125,23SPCIS21913
Hasegawa,Rie,hasegawa001,3134,23SPCIS21908
Dhanavath,Pavan Kumar,dhanavat001,8916,23SPGCIS5800A
Dontoji,Bharath,dontoji001,4890,23SPGCIS5800A
Gadkol,Hari Prasad,gadkol001,6959,23SPGCIS5800A
Gali,Maneesha,gali002,5927,23SPGCIS5800A
Gangapuram,Sagarika,gangapur001,7674,23SPGCIS5800A
Gannamaneni,Sumanjali,gannaman002,6338,23SPGCIS5800A
Mossi Milla,Roberto Andre,mossimil002,3125,23SPCIS21913
Gollapudi,Sai Siva,gollapud003,5787,23SPGCIS5800A
Hussain,Md Kamrul,hussain005,1591,23SPGCIS5800A
Kontham,Poojitha,kontham001,8257,23SPGCIS5800A
Arthur,Ngendananimana,arthur017,3143,23SPCIS21904
Lombard,Sanae,lombard003,4086,23SPGCIS5800A
Mandadi,Omkar Charan,mandadi005,7759,23SPGCIS5800A
Murukutla,Sravani,murukutl002,6551,23SPGCIS5800A
Nimmagadda,Syam Sundar Kdm,nimmagad007,2660,23SPGCIS5800A
Uprety,Ojashwi,uprety003,3140,23SPCIS21920
Pagidipalli,Shyam Kumar,pagidipa001,6602,23SPGCIS5800A
Paritala,Surendra,paritala002,9220,23SPGCIS5800A
Shaik,Asha Farek,shaik010,5532,23SPGCIS5800A
Shragher,Luke,shragher001,9407,23SPCIS21902
Sriramoju,Sai Sandhya,sriramoj001,6594,23SPGCIS5800A
Vattikonda,Pramodini,vattikon002,6922,23SPGCIS5800A
Al-Quraishi,Ridha,alqurais014,3133,23SPCIS21901
Alsehely,Khalid,alsehely002,3136,23SPCIS21902
Alshaeri,Sultan,alshaeri003,3135,23SPCIS21903
Arthur,Ngendananimana,arthur017,3143,23SPCIS21904
Chu,Damien,chu002,3135,23SPCIS21905
Dang,Hoang Nam,dang004,3137,23SPCIS21906
Ganzorig,Amartuvshin,ganzorig001,3146,23SPCIS21907
Hasegawa,Rie,hasegawa001,3134,23SPCIS21908
Hunley,Alexander,hunley001,3142,23SPCIS21909
Jawad,Md Shadidur Isl,jawad001,3124,23SPCIS21910
Lupejkis,Andrew,lupejkis001,3136,23SPCIS21911
Margosian,Matthew,margosia003,3134,23SPCIS21912
Mossi Milla,Roberto Andre,mossimil002,3125,23SPCIS21913
Murukutla,Sravani,murukutl002,6551,23SPGCIS5800A
Nawrocki,Andrew,nawrocki004,3121,23SPCIS21914
Pashuparthy,Aryan,pashupar001,3146,23SPCIS21915
Stafford,Shane,stafford009,3145,23SPCIS21916
Gollapudi,Sai Siva,gollapud003,5787,23SPGCIS5800A
Tahirli,Fidan,tahirli001,3141,23SPCIS21917
Timsina,Saraswoti,timsina007,3135,23SPCIS21918
Tuladhar,Aashir,tuladhar002,3140,23SPCIS21919
Uprety,Ojashwi,uprety003,3140,23SPCIS21920
Vogt,Aeden,vogt012,3130,23SPCIS21921
Watanabe Kubagawa,Hiyan Otavio,watanabe001,3144,23SPCIS21922
White,John,white070,3139,23SPCIS21923