﻿Liu,Sharon,liu022,cis219,2
Alshammrani,Ibrahim,alshammr002,cis219,2
Daubert,Mitchel,daubert001,cis219,1
Hubbard,Nicholas,hubbard005,cis219,2
Yu,Tengjiao,yu011,cis219,1
Abbaraboina,Srinath,abbarabo002,cis219,1
Juah,Moses,juah001,cysec212,1
Chinapaka,Surya Vamshi,chinapak001,cis219,1
Mohammed Junaid Khan,Mohammed Junaid Khan,mohammed064,cis219,1
Dockweiler,Mikayla,dockweil001,cis219,2
Juah,Moses,juah001,cis219,1
Kaspick,Callum,kaspick003,cis219,1
Althnayyan,Thnayan,althnayy001,cis219,1
Ferdjani,Abdallah,ferdjani001,cis219,2
Elsayed,Youssef,elsayed001,cis219,1
Dos Santos,Nikoly,dossanto001,cis219,1
Alqahtani,Mishari,alqahtan076,cis219,2
Kotagiri,Kranthi Kumar,kotagiri002,gcis666,1
Vodnal,Vishwanth,vodnal001,gcis666,1
Heidt,Jared,heidt007,cis219,1
Hamlette,Reginald,hamlette001,cis219,1
Bartlett,Victoria,bartlett017,cysec212,1
Gandham,Joshi Praneeth,gandham003,gcis666,1
DeHart,Jacob,dehart001,cis219,2
Detzel,Austin,detzel002,cis219,2
Pappuraj,Nivetha Raj,pappuraj001,gcis666,1
Jordano,Gino,jordano006,cis219,1
Morina,Adnan,morina004,cis219,1
Rudy,Jacob,rudy001,cis219,1
Jordano,Gino,jordano006,cysec212,1
Didycz,Andrew,didycz001,cis219,2
Bartlett,Victoria,bartlett017,cis219,1
Morina,Adnan,morina004,cysec212,1
Sierra,Tommylee,sierra002,cis219,2
Koduri,Sainath,koduri002,cis219,1
Bongiorno,Sydney,bongiorn010,cis219,2
Daubert,Mitchel,daubert001,cysec212,1
Powell,Alexander,powell029,cis219,2