﻿lastname,firstname,username,id,category
Adugna,Feven Birbirsa,adugna001,35142,22FAGCIS5800A
Ali,Maria,ali023,32695,22FACIS21901
Alzoubi,Dema,alzoubi002,31527,22FACIS21901
Crawford,Caitlyn,crawford051,32963,22FACIS21901
Fennell,Scott,fennell002,31223,22FACIS21901
Hicks,Joshua,hicks014,31092,22FACIS21901
MacLefko,Alyssa,maclefko001,31677,22FACIS21901
Malla,Sirapa,malla002,31504,22FAGCIS5800A
Mareedu,Bhargav,mareedu001,31690,22FAGCIS5800A
Mehta,Abhinav,mehta008,31748,22FAGCIS5800A
Miah,Md Kauser,miah003,31500,22FAGCIS5800A
Mickic,Vladimir,mickic001,31607,22FACIS21901
Mittapalli,Rajitha,mittapal003,31644,22FAGCIS5800A
Mothukuri,Ashok,mothukur003,31677,22FAGCIS5800A
Nimmakuri,Spandana,nimmakur001,36570,22FAGCIS5800A
Ohiri,Esther,ohiri001,39420,22FAGCIS5800A
Padala,Akhilesh Yadav,padala002,31353,22FAGCIS5800A
Pagadala,Spandana,pagadala002,31368,22FACIS21901
Pala,Kuswanth,pala001,31510,22FAGCIS5800A
Patel,Parth,patel245,31212,22FAGCIS5800A
Patel,Rahi,patel242,31622,22FAGCIS5800A
Patel,Ruta,patel246,31612,22FAGCIS5800A
Pokharel,Nishant,pokharel002,31149,22FAGCIS5800A
Spiegel,Nicole,spiegel002,31918,22FACIS21901
Takei,Garrett,takei001,32282,22FACIS21901
Umemah,Umemah,umemah001,31574,22FAGCIS5800A
Wright,Jesse,wright065,31155,22FACIS21901
Adugna,Feven Birbirsa,adugna001,35142,22FAGCIS5800A
Patel,Parth,patel245,31212,22FAGCIS5800A
Crawford,Caitlyn,crawford051,32963,22FACIS21901
Alzoubi,Dema,alzoubi002,31527,22FACIS21901
